{"cameraMode":{"drawMode":0,"name":"Shaded","section":"Shading Mode"},"sceneLighting":true,"audioPlay":false,"sceneViewState":{"showFog":true,"showMaterialUpdate":true,"showSkybox":true,"showFlares":true,"showImageEffects":true,"showParticleSystems":true},"in2DMode":false,"pivot":{"x":298.0310363769531,"y":50.992225646972659,"z":237.19525146484376},"rotation":{"x":-0.6033782958984375,"y":0.15552693605422975,"z":-0.12144754081964493,"w":-0.7726600766181946},"size":68.70411682128906,"orthographic":false}